collegeGPA,Aptitude_Index,ComputerProgramming
73.82,708.3333333333334,485
65.0,361.6666666666667,365
80.4,643.3333333333334,655
64.3,478.3333333333333,315
99.93,583.3333333333334,455
71.0,373.3333333333333,465
73.15,501.6666666666667,525
70.08,490.0,385
62.0,596.6666666666666,405
67.67,535.0,495
85.0,515.0,485
85.0,625.0,615
81.4,700.0,485
75.2,455.0,415
78.7,401.6666666666667,475
73.9,570.0,425
66.0,378.3333333333333,495
76.0,548.3333333333334,555
69.94,336.6666666666667,295
80.0,469.6666666666667,495
63.0,471.6666666666667,565
55.5,421.6666666666667,435
75.0,366.6666666666667,405
61.0,285.0,255
73.34,565.0,645
76.5,596.6666666666666,485
64.29,535.0,545
76.7,475.0,455
71.0,643.3333333333334,645
77.5,521.6666666666666,575
81.0,648.3333333333334,465
60.34,471.6666666666667,475
75.0,520.0,435
60.0,403.3333333333333,355
75.0,393.3333333333333,435
85.0,504.6666666666667,595
74.0,483.3333333333333,575
71.0,511.6666666666667,565
63.0,418.3333333333333,435
69.7,430.0,475
72.02,508.3333333333333,525
73.0,356.6666666666667,495
75.0,421.6666666666667,325
67.72,610.0,595
60.4,487.6666666666667,335
83.0,388.3333333333333,445
60.62,383.3333333333333,335
68.74,408.3333333333333,335
82.0,451.6666666666667,365
65.55,455.0,465
76.0,458.3333333333333,445
80.2,515.0,445
73.21,466.6666666666667,465
77.72,408.3333333333333,355
63.3,493.3333333333333,405
81.4,378.3333333333333,515
72.04,561.6666666666666,464
72.0,463.3333333333333,405
83.2,551.6666666666666,325
68.69,436.6666666666667,465
67.0,491.6666666666667,465
57.0,500.0,435
69.55,548.3333333333334,465
64.3,561.6666666666666,415
65.0,538.3333333333334,525
70.06,596.6666666666666,485
64.0,385.0,165
71.97,435.0,395
69.2,403.3333333333333,355
71.07,504.6666666666667,605
70.0,633.3333333333334,515
68.56,523.3333333333334,365
70.1,545.0,385
76.24,543.3333333333334,535
68.2,490.0,305
63.2,401.6666666666667,285
72.3,536.6666666666666,395
61.8,491.6666666666667,375
70.68,396.6666666666667,495
75.03,570.0,485
71.1,488.3333333333333,405
79.0,385.0,375
81.5,631.6666666666666,595
70.95,501.6666666666667,385
69.8,526.6666666666666,315
72.0,461.6666666666667,395
85.2,401.3333333333333,485
61.86,456.6666666666667,425
55.6,585.0,545
63.0,475.0,535
77.0,535.0,405
68.4,465.0,435
73.06,455.0,445
68.0,508.3333333333333,625
69.78,441.6666666666667,465
67.45,448.3333333333333,345
68.0,560.0,595
59.0,345.0,415
65.48,495.0,435
86.0,638.3333333333334,485
65.7,418.3333333333333,515
62.44,468.3333333333333,445
80.0,581.6666666666666,555
80.0,525.0,625
72.7,600.0,525
66.0,468.3333333333333,435
65.06,415.0,385
76.0,545.0,395
72.5,570.0,425
64.66,536.6666666666666,535
61.36,491.6666666666667,535
83.62,476.6666666666667,375
67.8,426.6666666666667,465
63.33,411.6666666666667,355
68.1,484.3333333333333,485
53.0,435.0,325
64.0,345.0,365
68.3,561.6666666666666,385
69.96,483.3333333333333,455
87.9,575.0,535
74.0,473.3333333333333,505
58.66,441.3333333333333,355
70.0,505.0,465
70.0,505.0,515
62.0,420.0,275
74.5,581.6666666666666,435
76.4,603.3333333333334,505
80.0,528.3333333333334,475
70.13,605.0,535
88.0,490.0,665
79.2,600.0,285
72.18,411.6666666666667,335
69.0,530.0,385
71.2,488.3333333333333,405
73.0,578.3333333333334,445
84.0,533.3333333333334,455
74.0,635.0,495
77.0,573.3333333333334,465
73.14,516.6666666666666,495
71.0,498.3333333333333,435
73.38,581.6666666666666,695
73.14,524.6666666666666,535
71.0,558.0,355
72.13,564.6666666666666,804
72.0,656.6666666666666,515
70.45,531.6666666666666,425
79.6,390.0,425
61.6,568.3333333333334,535
74.9,515.0,495
73.8,441.6666666666667,525
79.95,568.3333333333334,485
61.0,511.6666666666667,275
73.0,711.6666666666666,685
76.76,555.0,525
84.1,578.3333333333334,385
89.2,531.6666666666666,565
86.0,558.3333333333334,615
67.63,508.3333333333333,435
57.5,456.6666666666667,485
75.67,518.3333333333334,345
69.7,358.3333333333333,435
69.9,403.3333333333333,385
80.0,541.6666666666666,585
69.97,528.3333333333334,365
70.0,625.0,535
66.0,458.3333333333333,335
66.6,605.0,465
65.0,458.3333333333333,375
73.0,515.0,425
65.0,434.6666666666667,255
66.23,631.6666666666666,725
70.66,477.6666666666667,295
72.3,585.0,585
61.9,548.3333333333334,395
70.5,513.3333333333334,505
91.0,563.3333333333334,655
58.0,435.0,345
64.95,428.3333333333333,415
72.0,530.0,475
70.6,610.0,505
67.6,621.6666666666666,395
70.0,578.3333333333334,655
55.9,623.3333333333334,465
78.0,518.3333333333334,335
70.4,490.0,555
78.15,478.3333333333333,445
70.0,655.0,405
60.14,500.0,425
78.07,591.6666666666666,445
62.0,335.0,335
66.0,353.3333333333333,525
69.2,501.6666666666667,495
71.77,450.0,395
65.72,590.0,405
77.96,491.6666666666667,495
82.9,491.6666666666667,425
49.07,545.0,445
86.0,363.3333333333333,365
70.0,438.3333333333333,375
68.87,573.3333333333334,425
71.7,515.0,454
74.0,528.3333333333334,445
72.5,563.3333333333334,325
80.5,658.3333333333334,455
69.06,464.6666666666667,355
63.96,525.0,315
70.0,431.0,465
69.0,436.6666666666667,395
75.0,495.0,495
72.4,458.3333333333333,395
80.6,585.0,345
64.0,613.3333333333334,375
70.14,566.6666666666666,505
80.0,561.6666666666666,345
63.88,438.3333333333333,475
77.8,548.3333333333334,395
81.0,426.6666666666667,525
67.0,593.3333333333334,405
74.8,543.3333333333334,605
66.0,486.6666666666667,375
67.23,495.0,405
75.7,628.3333333333334,525
76.0,550.0,735
69.43,658.3333333333334,565
71.0,548.3333333333334,525
62.2,478.3333333333333,455
74.42,521.6666666666666,445
70.0,531.3333333333334,355
76.26,620.0,515
71.0,553.3333333333334,465
73.5,578.3333333333334,435
73.0,371.6666666666667,345
76.2,620.0,525
67.84,398.3333333333333,315
79.96,570.0,495
71.06,548.3333333333334,555
75.0,461.6666666666667,465
86.3,538.3333333333334,585
76.75,493.3333333333333,475
67.46,355.0,295
75.6,570.0,685
81.6,488.3333333333333,555
64.0,438.3333333333333,464
60.0,391.3333333333333,405
66.24,550.0,555
72.0,508.3333333333333,385
61.29,485.0,485
63.0,500.0,445
73.81,440.0,435
82.5,468.3333333333333,425
55.0,348.3333333333333,125
72.0,575.0,435
74.83,408.3333333333333,255
83.8,565.0,685
74.0,638.3333333333334,495
83.0,643.3333333333334,495
65.0,531.6666666666666,475
67.0,380.0,225
60.0,545.0,335
71.0,475.0,455
65.4,440.0,115
72.31,413.3333333333333,545
71.0,518.3333333333334,415
64.0,461.6666666666667,305
73.0,528.3333333333334,525
72.48,575.0,515
84.9,575.0,385
88.1,590.0,465
63.6,458.3333333333333,175
67.58,598.3333333333334,485
72.0,541.6666666666666,435
61.5,483.3333333333333,455
90.1,503.3333333333333,615
64.0,445.0,165
70.68,476.6666666666667,435
80.68,451.6666666666667,665
75.64,541.6666666666666,545
68.0,378.3333333333333,335
78.0,556.6666666666666,485
67.4,536.6666666666666,475
64.0,510.0,315
60.0,463.3333333333333,415
67.25,538.3333333333334,495
72.04,476.6666666666667,425
78.12,525.0,545
80.0,588.3333333333334,615
79.95,533.3333333333334,385
71.26,636.6666666666666,505
65.2,510.0,435
78.0,573.3333333333334,365
68.23,498.3333333333333,605
68.0,435.0,385
74.64,630.0,555
71.25,471.3333333333333,475
76.0,385.0,425
82.17,495.0,555
70.1,391.6666666666667,445
60.0,558.3333333333334,405
76.04,660.0,445
73.5,348.3333333333333,315
82.23,611.6666666666666,565
74.0,391.6666666666667,435
89.0,460.0,545
70.5,505.0,435
82.27,646.6666666666666,575
78.0,495.0,555
72.6,486.6666666666667,305
79.3,418.3333333333333,325
67.7,633.3333333333334,365
78.0,458.3333333333333,475
72.0,616.6666666666666,505
72.45,593.3333333333334,455
75.0,483.3333333333333,495
80.0,515.0,445
80.0,433.3333333333333,475
72.3,406.6666666666667,415
78.0,681.6666666666666,495
73.8,510.0,505
73.1,426.6666666666667,415
71.3,485.0,305
65.3,440.0,385
69.0,471.6666666666667,415
71.18,536.6666666666666,515
63.47,318.3333333333333,385
67.75,465.0,415
62.81,643.3333333333334,435
69.9,438.3333333333333,505
67.0,548.3333333333334,485
66.4,631.6666666666666,495
61.89,546.6666666666666,415
71.18,410.0,445
78.0,641.6666666666666,555
66.66,481.6666666666667,235
71.0,590.0,485
74.2,298.3333333333333,335
68.0,603.3333333333334,475
72.6,371.6666666666667,495
75.0,555.0,435
77.8,521.6666666666666,535
77.6,586.6666666666666,635
67.04,538.3333333333334,515
69.62,533.3333333333334,465
72.32,310.0,295
67.0,418.3333333333333,295
76.29,471.6666666666667,565
79.0,578.3333333333334,565
62.0,476.6666666666667,515
72.0,505.0,565
82.48,551.6666666666666,385
80.91,596.6666666666666,385
63.69,513.3333333333334,425
67.2,465.0,425
66.02,568.3333333333334,465
63.2,418.3333333333333,405
72.98,468.3333333333333,405
74.0,595.0,385
83.7,566.6666666666666,505
78.0,465.0,335
70.59,433.3333333333333,465
67.3,643.3333333333334,515
66.0,533.3333333333334,415
66.52,601.6666666666666,565
65.0,480.0,405
76.36,648.3333333333334,635
71.5,511.6666666666667,375
81.0,475.0,335
88.3,696.6666666666666,545
76.0,501.3333333333333,345
64.97,481.6666666666667,475
65.3,521.6666666666666,515
66.0,398.3333333333333,295
64.8,531.6666666666666,655
77.4,481.6666666666667,355
74.0,515.0,455
69.0,384.6666666666667,395
57.83,395.0,475
64.06,426.6666666666667,515
71.0,353.3333333333333,405
75.4,656.6666666666666,555
77.26,525.0,655
67.0,341.6666666666667,305
70.8,581.6666666666666,495
63.2,496.6666666666667,495
67.0,393.3333333333333,495
87.1,493.3333333333333,465
65.15,496.6666666666667,445
70.0,588.3333333333334,405
65.21,383.3333333333333,375
77.6,511.6666666666667,405
74.39,546.6666666666666,455
66.32,441.6666666666667,375
70.0,435.0,395
76.0,468.3333333333333,515
71.0,461.6666666666667,385
57.04,385.0,435
70.13,551.6666666666666,435
78.0,531.6666666666666,505
66.6,653.3333333333334,585
66.5,510.0,655
73.64,538.3333333333334,375
61.8,518.3333333333334,445
79.0,568.3333333333334,655
68.0,395.0,335
75.88,381.6666666666667,435
70.0,478.0,495
70.56,626.6666666666666,575
76.8,451.6666666666667,465
80.02,365.0,365
82.0,433.3333333333333,465
73.9,593.3333333333334,475
69.8,281.6666666666667,395
78.78,551.6666666666666,555
71.6,545.0,405
75.16,610.0,505
71.59,568.3333333333334,395
77.12,441.6666666666667,375
74.13,550.0,455
66.0,575.0,405
68.0,436.6666666666667,305
74.0,510.0,595
73.72,486.6666666666667,505
78.8,541.6666666666666,485
61.17,541.6666666666666,405
69.15,531.6666666666666,455
72.22,485.0,505
77.0,518.3333333333334,675
60.45,474.6666666666667,355
66.31,455.0,535
62.4,453.3333333333333,415
70.0,531.6666666666666,525
72.0,375.0,455
69.0,500.0,405
72.0,641.6666666666666,535
59.6,590.0,605
82.0,498.3333333333333,435
72.0,518.0,495
66.11,515.0,515
62.0,611.6666666666666,575
67.0,435.0,465
75.84,525.0,285
74.55,421.6666666666667,505
78.0,500.0,495
61.28,438.3333333333333,355
75.0,514.6666666666666,425
66.0,461.6666666666667,305
76.2,623.3333333333334,465
74.0,501.6666666666667,365
82.1,600.0,495
76.56,481.6666666666667,425
67.77,585.0,455
66.34,438.0,315
62.9,596.6666666666666,525
69.4,515.0,295
72.3,591.6666666666666,435
65.0,556.6666666666666,525
69.68,501.6666666666667,525
83.66,511.6666666666667,525
76.6,485.0,525
87.9,558.3333333333334,455
63.0,468.3333333333333,505
72.0,503.3333333333333,415
75.02,495.0,395
75.89,384.3333333333333,455
72.0,575.0,435
65.0,421.6666666666667,405
65.68,481.6666666666667,535
70.0,555.0,505
69.0,576.6666666666666,305
67.8,583.3333333333334,465
74.0,525.0,445
80.07,538.3333333333334,405
72.14,431.6666666666667,415
73.0,341.6666666666667,105
75.22,446.6666666666667,345
77.0,390.0,425
70.12,481.6666666666667,475
71.0,646.6666666666666,525
59.0,401.6666666666667,355
65.6,385.0,345
74.8,486.6666666666667,455
68.0,450.0,435
67.3,548.3333333333334,365
70.65,361.6666666666667,345
77.0,345.0,445
77.0,525.0,445
73.14,553.3333333333334,535
57.0,363.3333333333333,345
72.0,511.6666666666667,435
67.6,471.6666666666667,495
62.15,315.0,305
67.56,541.6666666666666,375
85.0,356.6666666666667,315
71.67,696.6666666666666,625
70.66,588.3333333333334,585
74.77,520.0,365
66.0,438.3333333333333,365
70.0,465.0,355
84.3,641.6666666666666,475
63.0,428.3333333333333,315
60.38,485.0,415
84.0,518.3333333333334,365
76.3,335.0,214
84.78,640.0,475
79.8,576.6666666666666,365
67.0,621.6666666666666,515
65.1,390.0,395
89.7,498.3333333333333,555
79.6,420.0,405
72.14,521.6666666666666,475
67.96,411.6666666666667,215
72.0,695.0,525
88.1,525.0,465
64.27,525.0,445
85.8,513.3333333333334,665
64.0,445.0,305
80.0,493.3333333333333,465
66.49,685.0,665
69.76,548.3333333333334,605
68.0,498.3333333333333,315
66.7,405.0,235
70.1,368.3333333333333,395
75.6,475.0,285
68.0,547.6666666666666,525
80.06,321.6666666666667,405
77.07,538.3333333333334,335
77.36,528.3333333333334,415
84.9,545.0,454
80.0,508.3333333333333,475
79.0,445.0,305
70.1,451.3333333333333,375
71.0,331.6666666666667,465
80.0,435.0,425
72.78,441.6666666666667,475
62.58,471.6666666666667,345
81.0,478.3333333333333,415
76.62,421.6666666666667,395
76.13,550.0,535
72.0,555.0,555
78.52,581.6666666666666,485
78.16,645.0,565
70.22,465.0,365
68.0,528.3333333333334,535
78.8,538.3333333333334,535
68.3,368.3333333333333,385
66.0,461.6666666666667,485
67.46,368.0,315
70.9,573.3333333333334,575
65.78,418.3333333333333,325
68.3,486.6666666666667,485
70.1,618.0,505
72.7,486.6666666666667,525
76.0,428.3333333333333,445
62.0,431.6666666666667,395
72.34,586.6666666666666,515
69.16,361.6666666666667,365
73.84,515.0,475
76.0,548.3333333333334,465
85.2,601.6666666666666,635
65.9,548.3333333333334,505
65.0,445.0,395
66.0,413.3333333333333,385
79.37,521.6666666666666,475
77.8,545.0,485
56.5,490.0,395
68.17,675.0,675
80.0,640.0,755
74.49,561.6666666666666,435
82.1,568.3333333333334,425
65.0,500.0,485
64.95,551.3333333333334,435
99.0,425.0,435
71.0,486.6666666666667,345
85.0,455.0,455
67.68,355.0,255
70.8,445.0,495
74.0,581.6666666666666,445
76.4,548.3333333333334,675
68.0,361.6666666666667,345
68.0,406.6666666666667,425
72.0,571.6666666666666,395
67.38,568.3333333333334,575
76.0,695.0,485
59.07,463.3333333333333,395
64.5,450.0,295
78.15,570.0,615
68.0,398.3333333333333,385
72.0,393.3333333333333,455
65.72,410.0,455
65.18,443.3333333333333,315
69.0,480.0,475
60.23,461.6666666666667,415
65.0,468.3333333333333,415
73.2,548.0,445
70.0,391.6666666666667,475
64.0,550.0,445
71.8,456.6666666666667,505
70.06,485.0,485
67.0,408.3333333333333,275
82.0,448.3333333333333,425
70.0,458.3333333333333,535
71.0,450.0,485
72.0,405.0,435
76.48,541.6666666666666,565
60.0,551.6666666666666,425
73.0,386.6666666666667,325
60.0,521.6666666666666,385
71.82,541.6666666666666,395
75.3,518.3333333333334,365
92.0,458.3333333333333,365
56.24,608.3333333333334,395
73.6,410.0,365
78.9,518.3333333333334,415
76.1,366.6666666666667,455
75.0,388.3333333333333,425
77.0,576.6666666666666,465
56.7,351.6666666666667,345
71.42,485.0,345
74.0,560.0,575
71.0,653.3333333333334,495
70.4,571.6666666666666,535
71.1,403.3333333333333,405
67.37,463.3333333333333,465
76.0,471.6666666666667,505
75.88,375.0,345
75.0,376.6666666666667,415
77.4,541.6666666666666,375
79.21,456.6666666666667,385
80.95,475.0,335
73.3,650.0,585
74.0,408.3333333333333,425
76.0,475.0,415
74.9,535.0,475
92.3,465.0,645
82.8,401.6666666666667,455
62.0,525.0,495
76.92,611.6666666666666,475
65.22,430.0,535
65.62,341.6666666666667,395
73.0,605.0,575
63.0,578.0,405
73.0,600.0,315
70.5,288.3333333333333,345
80.7,491.6666666666667,525
83.9,488.0,475
62.81,481.6666666666667,605
65.0,605.0,545
88.8,618.0,515
68.48,418.3333333333333,405
77.0,355.0,315
76.0,560.0,635
54.0,625.0,415
79.12,541.3333333333334,525
78.85,558.3333333333334,515
66.0,558.3333333333334,475
55.0,561.6666666666666,305
74.9,473.3333333333333,385
63.17,528.3333333333334,355
79.3,446.6666666666667,385
62.28,620.0,495
70.38,488.3333333333333,495
81.0,418.3333333333333,455
68.34,501.6666666666667,375
77.0,483.3333333333333,475
63.0,445.0,425
60.0,388.3333333333333,465
71.5,528.3333333333334,455
69.47,391.3333333333333,325
76.0,425.0,585
68.9,371.6666666666667,465
84.6,620.0,585
65.97,585.0,455
72.86,546.6666666666666,545
78.0,451.6666666666667,345
65.0,500.0,465
68.88,355.0,415
76.72,603.3333333333334,695
54.75,653.3333333333334,495
68.0,358.3333333333333,255
61.0,471.6666666666667,465
65.51,318.3333333333333,335
75.0,648.3333333333334,525
95.7,611.6666666666666,615
69.5,371.6666666666667,335
70.0,533.3333333333334,385
63.3,440.0,385
68.0,501.6666666666667,355
69.0,438.3333333333333,175
69.0,473.3333333333333,425
64.9,350.0,345
76.32,578.3333333333334,645
76.0,363.3333333333333,355
66.9,630.0,535
70.82,548.3333333333334,425
58.0,411.6666666666667,395
66.65,533.3333333333334,405
60.0,396.6666666666667,335
76.09,505.0,495
72.27,473.3333333333333,605
70.26,418.3333333333333,375
74.0,566.6666666666666,505
70.0,408.3333333333333,275
67.0,498.3333333333333,435
75.2,655.0,525
77.0,715.0,575
58.0,398.3333333333333,115
71.0,461.6666666666667,465
73.55,356.6666666666667,455
77.0,468.3333333333333,475
72.0,431.6666666666667,445
63.19,495.0,485
68.0,401.6666666666667,305
65.0,510.0,395
65.0,595.0,345
70.0,468.3333333333333,425
76.4,535.0,475
88.2,478.3333333333333,455
75.0,523.3333333333334,355
68.5,435.0,295
67.0,658.3333333333334,565
61.8,435.0,215
76.0,584.6666666666666,555
72.8,444.6666666666667,305
79.57,610.0,535
67.0,601.6666666666666,525
84.0,493.3333333333333,285
63.5,448.3333333333333,315
63.66,558.3333333333334,365
81.0,473.3333333333333,415
73.1,518.3333333333334,545
75.81,378.3333333333333,455
88.0,530.0,495
83.2,545.0,525
61.1,481.6666666666667,315
82.0,528.3333333333334,445
85.7,655.0,475
69.8,411.6666666666667,465
64.88,530.0,475
83.0,553.3333333333334,525
68.0,498.3333333333333,445
65.25,496.6666666666667,515
62.0,353.3333333333333,405
85.78,435.0,485
77.0,483.3333333333333,435
63.25,428.3333333333333,365
74.41,586.6666666666666,475
80.05,600.0,555
84.0,681.6666666666666,685
65.0,468.0,335
74.6,523.3333333333334,435
82.2,651.6666666666666,595
73.0,530.0,465
74.9,458.3333333333333,455
72.0,403.3333333333333,375
83.55,623.3333333333334,505
86.0,561.6666666666666,485
78.0,385.0,475
79.4,523.3333333333334,455
80.0,545.0,435
73.4,486.6666666666667,395
71.7,428.3333333333333,425
68.6,640.0,575
75.0,671.6666666666666,605
74.04,430.0,435
78.0,580.0,445
74.01,440.0,445
78.0,550.0,505
57.8,506.6666666666667,405
81.0,620.0,555
69.3,638.3333333333334,545
72.98,581.6666666666666,445
65.2,536.6666666666666,405
65.0,458.3333333333333,355
71.0,458.0,475
67.8,438.3333333333333,325
67.0,478.3333333333333,445
78.44,606.6666666666666,545
77.15,493.3333333333333,355
79.0,460.0,335
79.68,716.6666666666666,655
55.5,385.0,455
63.77,533.3333333333334,535
84.0,385.0,415
70.85,615.0,545
70.0,403.3333333333333,375
71.82,588.3333333333334,415
80.0,608.3333333333334,625
73.0,451.6666666666667,365
74.01,461.6666666666667,445
94.5,518.3333333333334,575
69.11,590.0,495
63.54,388.3333333333333,295
68.0,431.6666666666667,345
72.0,498.3333333333333,525
69.37,475.0,325
72.14,625.0,475
82.84,538.3333333333334,525
77.0,448.3333333333333,385
70.59,471.6666666666667,525
62.0,328.3333333333333,315
75.6,426.6666666666667,335
65.7,435.0,465
76.0,465.0,475
63.3,551.6666666666666,315
66.0,343.3333333333333,315
66.76,426.6666666666667,355
71.23,536.6666666666666,395
72.0,545.0,455
69.1,491.6666666666667,515
78.34,580.0,455
74.97,498.3333333333333,445
71.6,573.3333333333334,575
76.2,588.3333333333334,495
66.7,501.6666666666667,375
64.53,536.6666666666666,425
61.0,421.6666666666667,355
56.0,350.0,185
83.0,408.3333333333333,425
83.43,573.3333333333334,555
67.0,635.0,525
75.6,528.3333333333334,355
70.17,461.6666666666667,435
76.1,648.3333333333334,494
63.0,281.6666666666667,295
75.69,613.3333333333334,525
77.0,511.6666666666667,445
65.47,463.3333333333333,505
72.9,581.6666666666666,465
72.3,501.6666666666667,525
75.0,528.3333333333334,405
82.16,498.3333333333333,545
79.0,480.0,405
63.5,401.6666666666667,405
78.0,571.6666666666666,385
60.0,418.3333333333333,365
78.0,580.0,415
74.2,513.3333333333334,355
69.73,445.0,295
61.4,468.3333333333333,375
75.0,651.6666666666666,445
78.84,598.3333333333334,395
78.0,578.3333333333334,545
63.42,588.3333333333334,435
70.3,635.0,615
67.0,593.3333333333334,465
70.1,520.0,445
75.73,555.0,525
72.4,576.6666666666666,455
87.5,448.3333333333333,355
90.0,525.0,555
71.8,506.6666666666667,425
70.1,503.3333333333333,405
84.4,555.0,455
63.7,628.3333333333334,535
65.0,586.6666666666666,505
77.0,618.3333333333334,545
68.0,510.0,485
76.0,473.3333333333333,435
69.0,408.3333333333333,295
74.3,538.3333333333334,425
78.7,505.0,465
61.8,481.6666666666667,465
68.0,528.3333333333334,405
76.0,625.0,555
71.0,418.3333333333333,465
73.0,635.0,535
84.0,583.3333333333334,725
73.0,585.0,425
83.0,440.0,385
82.67,571.6666666666666,495
68.26,610.0,515
73.0,536.6666666666666,535
67.4,475.0,445
61.92,441.6666666666667,235
68.0,406.6666666666667,435
69.43,593.3333333333334,525
69.0,636.6666666666666,445
80.6,586.6666666666666,525
69.03,471.3333333333333,395
70.87,500.0,385
65.02,558.3333333333334,445
71.0,416.6666666666667,515
74.3,565.0,445
80.8,740.0,545
69.91,526.6666666666666,515
68.0,381.6666666666667,345
77.0,693.3333333333334,505
74.0,455.0,435
72.2,648.3333333333334,345
85.8,521.6666666666666,485
61.5,391.3333333333333,345
72.0,508.3333333333333,655
69.42,578.3333333333334,445
66.6,474.6666666666667,425
75.27,540.0,625
70.3,548.3333333333334,595
77.04,490.0,635
78.16,551.6666666666666,475
62.0,518.0,385
71.78,450.0,415
73.5,541.6666666666666,615
87.1,591.6666666666666,555
71.54,500.0,465
70.0,376.6666666666667,475
62.0,603.3333333333334,525
76.0,628.3333333333334,345
66.0,585.0,385
64.0,300.0,315
69.0,508.3333333333333,285
64.0,571.6666666666666,485
67.2,526.6666666666666,445
78.0,508.3333333333333,525
74.3,600.0,505
73.2,541.6666666666666,575
64.0,435.0,275
75.0,405.0,365
71.44,451.6666666666667,545
73.0,373.3333333333333,485
75.0,363.3333333333333,315
71.11,565.0,385
82.7,701.6666666666666,535
67.0,626.6666666666666,475
71.04,331.6666666666667,155
79.0,480.0,525
75.3,643.3333333333334,405
69.54,491.6666666666667,425
72.0,591.6666666666666,535
72.0,491.3333333333333,415
65.0,375.0,425
54.0,408.3333333333333,445
74.0,478.3333333333333,385
83.52,515.0,554
65.0,690.0,645
69.4,695.0,395
75.0,328.3333333333333,295
66.5,521.6666666666666,585
62.0,518.3333333333334,345
68.53,501.6666666666667,395
73.0,490.0,435
69.62,606.6666666666666,415
82.6,528.3333333333334,375
68.75,441.6666666666667,435
73.59,585.0,445
68.71,605.0,475
70.0,385.0,395
74.0,508.3333333333333,435
68.8,481.6666666666667,405
63.0,513.3333333333334,555
65.8,396.6666666666667,345
64.34,593.3333333333334,375
77.43,575.0,525
75.3,506.6666666666667,544
70.3,536.6666666666666,445
71.45,596.6666666666666,485
64.0,421.6666666666667,395
72.0,666.6666666666666,615
65.6,566.6666666666666,385
90.0,718.3333333333334,575
68.88,578.3333333333334,425
69.5,538.3333333333334,435
80.6,555.0,345
75.0,585.0,455
73.03,561.6666666666666,495
75.0,433.3333333333333,705
73.0,523.3333333333334,455
72.39,485.0,515
82.3,578.3333333333334,505
61.0,636.6666666666666,445
66.3,341.6666666666667,315
80.01,620.0,445
62.0,451.6666666666667,545
80.0,666.6666666666666,485
76.3,455.0,525
80.6,568.3333333333334,575
73.0,666.6666666666666,475
66.7,486.6666666666667,525
65.24,416.6666666666667,325
76.0,605.0,415
68.0,370.0,195
73.0,454.6666666666667,285
71.08,446.6666666666667,365
72.0,490.0,335
60.96,406.6666666666667,395
75.6,625.0,525
68.52,504.6666666666667,575
72.68,644.6666666666666,545
81.0,601.6666666666666,425
65.0,395.0,475
62.0,341.6666666666667,315
82.0,488.3333333333333,505
68.5,515.0,405
79.0,395.0,415
72.4,511.6666666666667,505
71.67,598.0,445
76.5,505.0,585
69.3,558.3333333333334,275
75.0,608.3333333333334,365
76.6,388.3333333333333,145
73.5,505.0,485
69.0,368.3333333333333,435
79.56,615.0,575
80.3,518.3333333333334,565
72.0,605.0,475
57.0,354.6666666666667,315
63.5,480.0,485
80.27,491.6666666666667,435
74.1,481.6666666666667,415
79.0,620.0,455
68.0,458.3333333333333,505
67.76,558.3333333333334,375
70.0,328.3333333333333,495
82.5,541.6666666666666,455
90.0,616.6666666666666,595
64.53,398.3333333333333,175
69.76,468.3333333333333,345
68.64,538.0,275
83.45,531.6666666666666,445
78.6,466.6666666666667,375
76.0,351.6666666666667,345
70.0,511.3333333333333,355
62.0,441.6666666666667,565
70.25,506.6666666666667,445
77.7,588.3333333333334,495
73.0,511.6666666666667,385
61.0,371.6666666666667,375
73.0,513.3333333333334,505
67.2,458.3333333333333,275
62.4,555.0,485
80.0,521.6666666666666,525
71.5,433.3333333333333,365
62.0,541.6666666666666,635
77.04,521.6666666666666,555
88.88,555.0,585
78.3,491.6666666666667,395
63.8,573.3333333333334,365
61.43,393.3333333333333,435
75.0,550.0,475
74.0,446.6666666666667,385
76.9,536.6666666666666,485
77.8,505.0,335
67.75,415.0,555
73.0,618.3333333333334,465
66.93,418.3333333333333,375
64.8,521.6666666666666,285
82.1,531.6666666666666,355
76.0,415.0,395
57.0,354.6666666666667,325
60.19,373.3333333333333,145
69.0,476.6666666666667,375
55.0,525.0,335
70.0,313.3333333333333,275
72.0,415.0,425
74.21,616.6666666666666,585
76.4,603.3333333333334,485
78.53,525.0,475
73.5,578.3333333333334,645
86.0,506.6666666666667,415
67.23,645.0,525
84.3,620.0,455
73.9,495.0,465
75.0,650.0,605
64.15,428.0,435
55.7,588.3333333333334,525
70.0,598.0,395
71.0,435.0,445
76.12,565.0,565
76.12,541.6666666666666,615
68.0,543.3333333333334,505
73.36,491.3333333333333,475
76.0,480.0,475
67.05,391.6666666666667,475
59.0,451.6666666666667,315
67.63,455.0,464
77.6,475.0,545
75.0,530.0,505
79.8,498.3333333333333,565
81.9,678.3333333333334,645
73.6,586.6666666666666,515
72.0,456.6666666666667,395
74.14,655.0,505
54.0,608.3333333333334,435
64.3,583.3333333333334,475
70.0,451.6666666666667,555
72.0,521.6666666666666,435
79.7,558.3333333333334,575
75.0,411.6666666666667,395
52.0,378.3333333333333,405
72.85,551.6666666666666,435
65.0,438.3333333333333,145
76.58,615.0,545
76.2,501.6666666666667,555
74.0,578.3333333333334,465
61.0,461.6666666666667,375
75.2,561.6666666666666,605
74.38,498.3333333333333,445
63.74,580.0,445
72.8,563.3333333333334,515
80.0,451.6666666666667,265
73.86,438.3333333333333,495
67.8,465.0,565
77.0,611.6666666666666,415
66.5,541.6666666666666,405
67.3,648.3333333333334,565
88.9,603.3333333333334,535
75.9,418.3333333333333,395
69.34,465.0,365
71.65,290.0,305
71.46,641.6666666666666,535
61.95,445.0,355
89.0,640.0,505
58.25,390.0,334
73.7,578.3333333333334,665
75.0,496.6666666666667,365
65.0,426.6666666666667,215
73.31,620.0,565
74.9,528.3333333333334,485
68.5,431.3333333333333,345
76.0,331.6666666666667,395
63.24,508.0,235
82.0,575.0,435
78.0,685.0,445
74.0,581.6666666666666,435
60.4,480.0,435
73.0,501.6666666666667,485
80.3,551.6666666666666,535
64.3,585.0,495
64.0,485.0,435
77.0,521.6666666666666,445
70.0,585.0,505
73.0,414.6666666666667,345
67.0,530.0,495
80.9,556.6666666666666,515
84.0,538.3333333333334,595
80.0,540.0,445
81.0,504.6666666666667,495
70.56,398.3333333333333,225
71.0,470.0,345
71.0,530.0,475
67.8,538.3333333333334,535
81.2,528.3333333333334,555
82.4,638.3333333333334,585
65.0,451.6666666666667,305
80.5,571.6666666666666,565
82.6,401.6666666666667,445
63.0,485.0,475
71.25,551.6666666666666,465
80.7,520.0,395
66.0,558.3333333333334,315
69.0,454.6666666666667,645
69.58,455.0,515
72.0,578.3333333333334,505
64.8,611.6666666666666,515
75.0,285.0,315
70.0,488.3333333333333,475
76.0,568.3333333333334,485
64.11,470.0,435
73.95,546.6666666666666,305
85.0,511.6666666666667,565
72.63,505.0,435
78.16,296.6666666666667,295
79.51,455.0,545
63.0,511.6666666666667,385
68.1,466.6666666666667,375
86.7,501.6666666666667,465
76.3,425.0,405
65.0,281.6666666666667,555
71.65,498.3333333333333,455
70.56,411.6666666666667,425
64.08,656.6666666666666,535
89.0,610.0,435
63.99,573.3333333333334,635
67.3,378.3333333333333,445
78.0,533.3333333333334,495
69.51,348.3333333333333,334
73.0,570.0,355
72.5,456.6666666666667,405
61.0,501.6666666666667,475
66.07,510.0,495
76.25,441.6666666666667,195
82.0,645.0,345
61.0,483.3333333333333,405
80.0,598.3333333333334,465
79.0,508.3333333333333,415
69.75,353.3333333333333,365
71.4,591.6666666666666,665
64.56,378.3333333333333,425
68.0,505.0,535
62.0,455.0,425
62.9,446.6666666666667,565
67.0,458.3333333333333,665
74.94,593.3333333333334,335
79.7,548.3333333333334,545
71.2,548.3333333333334,345
65.5,453.3333333333333,435
58.61,705.0,635
61.25,303.3333333333333,395
72.0,405.0,395
59.0,601.6666666666666,575
65.0,565.0,405
70.0,498.3333333333333,535
70.12,618.3333333333334,355
68.0,406.6666666666667,335
81.0,458.3333333333333,445
69.5,518.3333333333334,365
70.41,581.6666666666666,445
70.0,615.0,455
68.0,406.6666666666667,345
79.2,585.0,575
62.0,561.6666666666666,295
75.3,498.3333333333333,385
65.67,375.0,425
61.12,360.0,404
76.67,363.3333333333333,315
76.0,548.3333333333334,405
80.0,418.3333333333333,455
76.5,425.0,355
64.0,548.3333333333334,495
63.0,570.0,605
76.09,461.6666666666667,535
69.0,551.6666666666666,525
65.14,514.6666666666666,455
55.0,613.3333333333334,565
75.67,435.0,285
68.0,431.6666666666667,315
78.0,645.0,625
76.4,640.0,655
68.22,521.6666666666666,465
75.46,603.3333333333334,515
69.2,355.0,385
74.0,465.0,415
72.26,566.6666666666666,715
69.71,568.3333333333334,435
71.52,513.3333333333334,465
66.0,368.0,155
82.2,555.0,395
74.64,543.3333333333334,635
76.1,526.6666666666666,535
68.24,478.0,475
76.1,541.6666666666666,495
69.1,578.3333333333334,485
76.0,470.0,355
80.0,495.0,415
59.8,491.6666666666667,355
67.66,585.0,475
55.7,374.6666666666667,305
78.0,538.3333333333334,665
67.0,416.6666666666667,415
76.5,656.6666666666666,595
75.8,458.3333333333333,615
90.0,480.0,435
55.0,495.0,455
78.1,648.3333333333334,395
69.0,728.3333333333334,415
72.72,388.3333333333333,465
67.87,413.3333333333333,545
80.0,453.3333333333333,595
74.2,331.6666666666667,295
75.0,518.3333333333334,435
83.0,411.6666666666667,575
71.66,435.0,415
61.0,335.0,325
81.0,501.6666666666667,465
74.0,461.6666666666667,505
77.0,605.0,595
65.5,588.3333333333334,395
70.9,468.3333333333333,635
68.47,391.6666666666667,295
71.72,638.3333333333334,455
66.87,395.0,265
60.0,460.0,345
76.47,495.0,555
72.0,516.6666666666666,455
67.5,461.6666666666667,425
66.39,515.0,545
57.34,496.6666666666667,435
67.6,498.3333333333333,445
77.5,541.6666666666666,315
57.0,478.3333333333333,385
76.0,486.6666666666667,335
66.7,571.6666666666666,525
87.6,541.6666666666666,575
74.5,368.3333333333333,435
71.3,678.3333333333334,515
60.78,415.0,435
72.0,533.3333333333334,585
76.0,661.6666666666666,404
60.64,480.0,405
73.0,480.0,285
77.0,538.3333333333334,475
75.83,478.3333333333333,445
61.75,530.0,395
76.5,438.3333333333333,385
76.0,445.0,455
71.7,518.3333333333334,365
82.09,656.6666666666666,445
75.0,535.0,415
74.5,498.3333333333333,405
76.56,488.3333333333333,535
79.42,755.0,555
67.9,341.6666666666667,335
77.85,476.6666666666667,355
69.8,683.3333333333334,445
84.0,558.3333333333334,555
81.0,455.0,425
65.3,411.6666666666667,315
70.12,640.0,405
67.54,598.3333333333334,555
88.6,568.3333333333334,455
61.51,443.3333333333333,315
72.5,485.0,315
81.6,485.0,495
73.04,518.3333333333334,405
73.0,525.0,345
67.38,565.0,345
79.6,523.3333333333334,375
60.0,375.0,305
65.8,590.0,435
70.0,581.6666666666666,435
77.0,441.6666666666667,335
77.7,376.6666666666667,355
78.0,380.0,375
77.0,536.6666666666666,445
63.0,428.3333333333333,385
68.0,411.6666666666667,445
76.44,508.3333333333333,575
72.73,456.6666666666667,475
73.0,488.3333333333333,485
63.0,625.0,595
72.23,608.3333333333334,725
69.31,490.0,395
77.5,491.6666666666667,655
72.0,371.6666666666667,475
79.0,443.3333333333333,395
70.0,440.0,515
66.5,551.6666666666666,455
76.0,445.0,175
77.55,511.6666666666667,445
76.5,526.6666666666666,395
83.0,585.0,525
75.0,488.3333333333333,585
70.05,455.0,515
77.4,690.0,625
75.5,525.0,585
64.0,456.6666666666667,455
59.7,526.6666666666666,545
81.76,511.3333333333333,555
69.0,391.6666666666667,345
68.0,643.3333333333334,475
65.7,394.6666666666667,375
66.61,498.3333333333333,365
71.0,470.0,385
69.56,565.0,415
85.0,443.3333333333333,565
62.6,485.0,425
68.0,505.0,415
71.3,540.0,525
78.0,533.3333333333334,575
65.6,511.6666666666667,485
71.18,465.0,435
80.36,546.6666666666666,555
75.84,378.3333333333333,355
83.01,501.6666666666667,585
78.83,398.3333333333333,525
61.0,495.0,395
90.0,421.6666666666667,515
65.0,735.0,465
75.0,501.6666666666667,335
67.4,511.6666666666667,365
61.2,598.3333333333334,495
65.0,361.3333333333333,215
72.38,613.3333333333334,545
74.0,555.0,475
72.91,511.6666666666667,515
88.9,615.0,485
86.0,491.6666666666667,475
74.3,566.6666666666666,415
70.46,485.0,375
78.3,515.0,645
70.8,558.3333333333334,415
61.54,565.0,455
77.0,518.3333333333334,435
78.2,421.6666666666667,425
65.0,378.0,394
69.84,455.0,395
78.0,525.0,395
55.0,478.3333333333333,375
79.0,465.0,525
57.66,421.6666666666667,365
64.1,658.3333333333334,495
68.9,355.0,255
74.28,621.3333333333334,605
67.5,515.0,545
81.0,433.3333333333333,475
69.25,475.0,455
68.96,605.0,615
75.0,516.6666666666666,345
72.8,451.6666666666667,525
76.05,565.0,515
75.0,568.3333333333334,495
74.36,533.3333333333334,315
69.98,408.3333333333333,565
70.0,601.6666666666666,495
78.2,515.0,465
60.0,371.6666666666667,395
78.9,543.3333333333334,395
83.63,606.6666666666666,605
52.0,425.0,405
75.2,561.6666666666666,325
76.2,573.3333333333334,525
72.3,530.0,425
73.4,463.3333333333333,365
82.7,545.0,525
65.16,421.6666666666667,285
71.8,498.3333333333333,485
62.71,483.3333333333333,445
67.22,520.0,425
88.0,518.3333333333334,405
79.0,465.0,395
59.0,535.0,355
81.7,498.3333333333333,575
66.0,585.0,645
69.03,418.3333333333333,525
70.0,345.0,345
64.0,423.3333333333333,395
78.0,541.6666666666666,445
63.1,358.3333333333333,185
85.5,661.6666666666666,435
68.5,631.6666666666666,485
75.67,601.6666666666666,595
70.0,605.0,545
74.3,568.3333333333334,485
74.68,558.0,405
79.7,608.3333333333334,635
73.0,628.3333333333334,485
74.81,461.6666666666667,525
68.4,416.6666666666667,315
73.3,511.6666666666667,435
73.9,478.3333333333333,345
78.5,686.6666666666666,475
77.0,416.6666666666667,395
73.0,355.0,355
73.4,475.0,515
67.0,585.0,535
72.85,496.6666666666667,375
63.33,443.3333333333333,485
74.78,570.0,545
68.0,478.3333333333333,515
64.25,508.3333333333333,335
82.0,518.3333333333334,645
65.6,548.3333333333334,465
78.9,573.3333333333334,385
65.7,576.6666666666666,515
57.64,471.6666666666667,435
68.0,548.3333333333334,455
78.0,463.3333333333333,505
73.0,511.6666666666667,445
81.89,433.3333333333333,435
75.5,545.0,535
65.59,611.6666666666666,385
74.4,598.3333333333334,505
69.43,380.0,485
81.0,423.3333333333333,625
71.0,491.6666666666667,485
63.4,423.3333333333333,365
81.11,471.6666666666667,445
72.0,590.0,345
61.06,516.6666666666666,475
62.0,355.0,315
75.0,398.3333333333333,365
85.6,538.3333333333334,535
78.0,618.3333333333334,535
71.9,641.6666666666666,475
73.08,450.0,395
76.0,603.3333333333334,475
71.64,363.3333333333333,415
71.0,403.3333333333333,375
73.0,515.0,425
68.58,596.6666666666666,355
75.52,548.3333333333334,385
63.6,475.0,365
80.05,530.0,475
58.8,573.3333333333334,495
70.0,605.0,545
63.0,601.6666666666666,495
66.45,461.6666666666667,455
71.36,606.6666666666666,535
70.7,565.0,405
62.0,421.6666666666667,275
63.7,556.6666666666666,455
63.0,411.6666666666667,455
62.0,503.3333333333333,435
82.24,528.3333333333334,545
72.44,448.3333333333333,495
76.0,511.3333333333333,465
78.0,495.0,455
71.72,535.0,485
75.8,610.0,525
71.0,565.0,455
67.0,448.3333333333333,405
72.7,585.0,375
74.0,590.0,475
81.0,625.0,525
72.0,431.6666666666667,345
67.0,528.3333333333334,375
77.85,541.6666666666666,455
69.47,485.0,335
62.57,530.0,385
74.5,468.3333333333333,355
74.24,438.3333333333333,485
76.0,593.3333333333334,525
76.6,550.0,565
68.15,491.6666666666667,585
71.0,440.0,345
68.25,588.3333333333334,505
54.0,533.3333333333334,515
71.2,534.6666666666666,265
76.0,563.3333333333334,505
64.0,544.6666666666666,435
68.5,366.6666666666667,385
75.86,473.3333333333333,325
72.0,435.0,405
75.0,513.3333333333334,465
66.12,530.0,475
88.0,455.0,515
81.8,633.3333333333334,515
75.5,465.0,605
81.48,465.0,565
73.7,535.0,475
75.12,640.0,575
78.9,570.0,585
81.9,601.6666666666666,555
65.66,395.0,415
72.54,415.0,445
77.8,545.0,605
81.8,630.0,465
77.5,475.0,375
88.6,568.3333333333334,505
57.5,535.0,525
69.72,581.6666666666666,495
60.08,485.0,445
60.0,453.3333333333333,475
77.22,536.6666666666666,505
71.54,541.6666666666666,655
74.1,571.6666666666666,685
78.0,495.0,525
78.0,545.0,275
67.44,588.3333333333334,455
77.0,461.6666666666667,455
83.2,551.3333333333334,675
67.0,405.0,455
65.8,498.3333333333333,355
67.4,411.6666666666667,435
73.3,468.3333333333333,505
79.43,558.3333333333334,465
80.42,573.3333333333334,475
87.65,608.3333333333334,695
76.0,523.3333333333334,415
81.1,635.0,445
76.32,683.3333333333334,545
63.0,378.3333333333333,435
69.7,665.0,485
73.6,461.6666666666667,465
73.0,523.3333333333334,565
73.75,455.0,345
74.15,591.6666666666666,615
66.0,445.0,345
91.0,691.6666666666666,525
65.57,571.6666666666666,524
71.52,525.0,615
96.7,551.6666666666666,465
66.0,461.6666666666667,395
66.0,518.3333333333334,505
75.0,358.3333333333333,395
58.0,523.3333333333334,505
76.0,453.3333333333333,445
64.09,581.6666666666666,505
77.89,578.3333333333334,655
69.0,451.6666666666667,465
78.5,466.6666666666667,415
67.84,600.0,635
68.95,481.6666666666667,505
79.0,486.6666666666667,465
72.22,388.3333333333333,495
60.12,445.0,465
64.7,541.6666666666666,355
70.0,498.3333333333333,445
69.48,540.0,425
62.0,388.3333333333333,325
73.12,351.6666666666667,325
68.0,361.6666666666667,255
57.25,640.0,485
75.0,360.0,545
65.0,543.3333333333334,345
72.24,450.0,535
67.6,541.6666666666666,555
71.02,418.3333333333333,535
76.6,571.6666666666666,535
71.48,365.0,335
63.0,541.6666666666666,395
70.83,476.6666666666667,425
76.0,500.0,345
81.8,628.3333333333334,685
63.0,591.6666666666666,455
70.0,425.0,475
67.6,626.6666666666666,445
69.88,491.3333333333333,455
66.67,461.3333333333333,475
73.0,493.3333333333333,345
82.0,536.6666666666666,365
71.2,553.3333333333334,495
63.0,453.3333333333333,355
73.12,491.6666666666667,495
71.7,361.6666666666667,295
61.0,441.6666666666667,345
73.4,568.3333333333334,125
76.18,603.3333333333334,495
80.2,628.3333333333334,515
77.14,485.0,445
70.0,471.6666666666667,405
72.56,538.3333333333334,555
89.0,480.0,435
83.0,666.6666666666666,675
68.0,495.0,465
72.0,450.0,465
74.3,398.3333333333333,385
78.0,525.0,405
58.79,465.0,395
78.7,388.3333333333333,555
76.56,495.0,495
68.0,488.3333333333333,465
74.64,511.6666666666667,335
76.0,598.3333333333334,505
72.3,553.3333333333334,495
66.13,608.3333333333334,465
77.0,588.3333333333334,635
80.3,686.6666666666666,635
73.0,420.0,335
61.49,453.3333333333333,465
75.5,341.6666666666667,305
76.9,421.6666666666667,285
76.6,528.3333333333334,455
76.0,546.6666666666666,505
73.8,505.0,425
77.5,613.3333333333334,615
80.0,605.0,535
68.72,701.6666666666666,585
76.54,533.3333333333334,575
61.51,380.0,515
71.6,648.3333333333334,525
58.59,390.0,295
70.35,621.6666666666666,515
64.8,261.6666666666667,375
78.0,560.0,565
66.0,501.6666666666667,375
72.0,428.3333333333333,355
70.0,373.3333333333333,395
70.0,581.6666666666666,515
73.94,511.6666666666667,505
69.54,571.6666666666666,465
72.34,556.6666666666666,485
75.6,530.0,415
71.9,486.6666666666667,415
78.5,548.3333333333334,405
76.0,428.0,395
66.0,408.0,395
67.3,564.3333333333334,545
74.33,425.0,485
75.5,521.6666666666666,455
58.1,516.6666666666666,435
75.0,526.6666666666666,535
81.0,388.3333333333333,425
67.0,425.0,355
62.1,441.6666666666667,445
78.56,505.0,425
71.0,490.0,305
83.0,635.0,415
64.94,511.3333333333333,445
72.0,525.0,375
87.9,475.0,335
74.6,500.0,505
76.0,501.3333333333333,375
69.0,471.6666666666667,465
65.24,491.6666666666667,415
71.0,405.0,365
74.3,481.6666666666667,585
62.93,545.0,455
63.0,570.0,535
75.9,541.6666666666666,585
71.34,538.3333333333334,495
72.95,561.6666666666666,475
83.0,530.0,435
68.65,423.3333333333333,365
84.1,500.0,465
66.6,736.6666666666666,675
60.48,525.0,485
71.94,458.3333333333333,385
69.68,461.6666666666667,525
64.06,338.3333333333333,495
70.68,631.6666666666666,475
63.3,538.3333333333334,445
70.0,505.0,455
75.9,465.0,375
65.5,473.3333333333333,505
77.78,525.0,435
86.77,711.6666666666666,445
64.25,470.0,495
74.8,565.0,605
65.41,445.0,405
69.04,521.6666666666666,415
71.06,558.3333333333334,385
64.47,490.0,355
70.7,541.6666666666666,295
80.1,638.3333333333334,465
66.33,571.6666666666666,545
60.56,488.3333333333333,605
61.02,378.3333333333333,415
77.2,525.0,455
74.27,528.3333333333334,395
72.0,491.6666666666667,315
82.1,551.6666666666666,475
63.12,566.6666666666666,445
86.5,601.6666666666666,485
89.0,591.6666666666666,585
60.0,466.6666666666667,455
62.4,566.6666666666666,345
66.0,495.0,465
69.92,578.3333333333334,565
71.0,575.0,495
73.0,481.6666666666667,465
68.28,471.6666666666667,325
70.7,560.0,485
71.0,498.0,465
90.0,501.6666666666667,435
65.0,550.0,435
67.8,361.6666666666667,425
74.0,598.3333333333334,575
69.0,571.6666666666666,475
75.99,505.0,495
73.32,465.0,435
80.0,380.0,315
68.0,605.0,415
67.69,471.6666666666667,495
71.6,475.0,615
79.98,621.6666666666666,425
67.7,506.6666666666667,375
88.0,435.0,495
72.19,526.6666666666666,445
62.0,478.0,465
68.0,598.3333333333334,585
62.7,528.3333333333334,335
76.0,598.3333333333334,485
68.0,443.3333333333333,405
77.0,395.0,485
74.44,668.3333333333334,555
82.0,486.6666666666667,535
70.3,678.3333333333334,475
73.0,371.6666666666667,445
74.74,555.0,575
67.0,488.3333333333333,525
65.0,435.0,555
73.17,555.0,575
78.0,585.0,515
66.22,586.6666666666666,545
69.36,441.6666666666667,375
75.85,478.3333333333333,495
68.0,450.0,445
76.5,625.0,405
74.79,471.6666666666667,555
72.0,508.3333333333333,395
79.9,386.6666666666667,415
66.0,468.3333333333333,405
76.0,485.0,515
72.44,591.6666666666666,595
77.0,376.6666666666667,405
68.0,510.0,425
72.0,456.6666666666667,395
81.0,358.3333333333333,395
80.16,603.3333333333334,345
62.0,318.3333333333333,315
69.43,480.0,535
79.98,493.3333333333333,495
69.0,535.0,425
75.69,485.0,315
75.9,548.3333333333334,615
69.64,638.3333333333334,625
70.24,583.3333333333334,465
69.98,438.3333333333333,365
78.0,625.0,355
63.0,523.3333333333334,525
67.0,508.3333333333333,415
59.0,556.6666666666666,485
70.02,416.6666666666667,385
64.0,541.6666666666666,445
80.26,575.0,575
72.95,605.0,415
77.7,505.0,515
66.56,615.0,475
83.86,641.6666666666666,685
74.0,515.0,475
62.5,478.0,435
67.0,583.3333333333334,475
60.13,421.6666666666667,445
72.6,648.3333333333334,655
81.5,506.6666666666667,345
68.66,445.0,425
68.16,425.0,285
65.0,438.3333333333333,405
70.29,475.0,455
83.9,601.6666666666666,735
83.22,406.6666666666667,445
80.0,478.3333333333333,335
62.0,341.6666666666667,365
73.12,476.6666666666667,375
82.2,580.0,565
70.26,451.3333333333333,325
75.0,405.0,525
67.0,601.6666666666666,615
77.4,470.0,495
66.0,368.3333333333333,335
76.16,575.0,455
73.0,556.6666666666666,495
59.9,395.0,305
68.16,485.0,315
58.54,565.0,395
77.0,610.0,425
63.2,448.0,445
75.96,558.3333333333334,465
83.5,646.6666666666666,435
79.0,465.0,285
74.0,478.3333333333333,485
77.0,610.0,615
61.2,565.0,635
74.0,548.3333333333334,335
75.57,651.6666666666666,705
55.6,561.3333333333334,515
87.5,508.3333333333333,425
63.2,573.3333333333334,615
62.0,588.3333333333334,475
74.0,471.6666666666667,435
74.0,481.6666666666667,385
62.1,586.6666666666666,475
67.0,510.0,375
77.26,401.6666666666667,345
55.89,608.3333333333334,555
65.33,448.3333333333333,445
66.0,438.3333333333333,305
63.25,461.3333333333333,485
66.74,591.6666666666666,355
75.04,518.3333333333334,345
78.96,551.6666666666666,485
65.0,525.0,485
64.67,401.3333333333333,425
60.65,485.0,365
80.35,523.3333333333334,495
83.9,484.3333333333333,464
81.0,533.3333333333334,515
68.0,581.6666666666666,485
81.0,628.3333333333334,405
71.0,498.3333333333333,485
74.5,503.3333333333333,385
80.7,558.3333333333334,445
67.6,593.3333333333334,475
66.35,498.3333333333333,445
65.12,506.6666666666667,275
81.56,623.3333333333334,395
85.3,625.0,615
72.0,588.3333333333334,605
63.1,655.0,455
71.0,536.6666666666666,455
79.1,470.0,555
74.0,455.0,395
67.98,518.3333333333334,525
75.4,658.3333333333334,605
68.0,530.0,355
75.45,418.3333333333333,375
85.0,468.3333333333333,405
66.6,525.0,495
79.0,523.3333333333334,535
77.0,495.0,385
68.75,438.3333333333333,485
67.2,576.6666666666666,645
74.3,458.3333333333333,505
72.0,508.3333333333333,465
85.4,511.6666666666667,605
85.5,355.0,325
67.8,661.6666666666666,355
71.0,506.6666666666667,505
79.6,581.6666666666666,485
58.7,475.0,415
69.02,435.0,455
76.9,530.0,645
77.4,531.3333333333334,315
60.2,550.0,615
73.0,658.3333333333334,535
70.0,481.6666666666667,415
69.11,501.6666666666667,235
78.5,491.3333333333333,465
79.6,578.3333333333334,555
80.0,401.6666666666667,375
70.0,548.3333333333334,485
74.0,541.6666666666666,465
69.53,506.6666666666667,585
65.0,538.3333333333334,565
76.6,538.3333333333334,395
72.0,520.0,505
90.0,505.0,415
81.0,484.6666666666667,395
67.0,561.6666666666666,555
58.0,558.3333333333334,575
83.02,518.3333333333334,475
75.35,431.6666666666667,505
74.74,521.6666666666666,545
85.2,628.3333333333334,535
72.89,408.3333333333333,325
75.0,465.0,395
98.4,471.0,505
68.41,291.6666666666667,395
72.0,365.0,315
75.0,503.3333333333333,325
63.13,516.6666666666666,225
70.82,468.3333333333333,445
75.72,395.0,355
74.0,333.3333333333333,315
66.7,601.6666666666666,485
74.26,605.0,435
75.0,394.6666666666667,525
66.66,501.6666666666667,405
58.35,401.6666666666667,335
82.0,538.3333333333334,445
66.24,461.6666666666667,275
65.64,465.0,585
71.1,485.0,425
70.0,498.3333333333333,485
72.0,491.6666666666667,435
74.28,388.3333333333333,345
72.0,388.3333333333333,305
77.94,650.0,435
76.3,581.6666666666666,475
67.0,418.3333333333333,415
78.0,508.3333333333333,495
86.6,518.3333333333334,535
81.0,446.6666666666667,475
65.21,375.0,405
64.5,605.0,555
78.0,498.3333333333333,405
75.0,441.6666666666667,375
61.3,528.3333333333334,365
74.0,520.0,485
73.6,671.6666666666666,465
77.0,375.0,355
75.4,518.3333333333334,635
68.0,385.0,275
66.0,341.6666666666667,355
62.42,411.6666666666667,405
62.0,378.3333333333333,365
78.0,510.0,345
70.0,660.0,315
73.2,360.0,385
71.0,393.3333333333333,365
64.0,521.3333333333334,385
79.0,475.0,544
69.04,455.0,415
72.22,585.0,615
74.0,490.0,335
61.2,598.3333333333334,555
72.0,628.3333333333334,435
67.81,523.3333333333334,325
67.0,561.6666666666666,425
69.0,591.6666666666666,305
70.0,266.6666666666667,315
72.3,540.0,525
80.0,571.6666666666666,485
62.0,655.0,395
70.0,426.6666666666667,455
69.3,516.6666666666666,345
72.0,318.3333333333333,335
65.0,495.0,435
68.5,451.6666666666667,485
80.0,503.3333333333333,585
78.4,526.6666666666666,505
84.0,526.6666666666666,405
59.0,441.6666666666667,385
88.3,588.3333333333334,595
72.5,595.0,435
72.0,611.6666666666666,585
64.0,464.3333333333333,405
67.0,415.0,505
68.0,440.0,295
85.9,600.0,605
69.0,383.3333333333333,175
60.38,505.0,455
67.27,616.6666666666666,675
77.6,468.3333333333333,385
67.84,415.0,395
66.88,420.0,375
69.1,573.3333333333334,475
75.4,471.6666666666667,505
70.4,526.6666666666666,525
72.4,565.0,475
65.6,500.0,555
80.14,505.0,395
65.0,468.3333333333333,335
63.0,390.0,455
84.3,438.3333333333333,495
77.3,453.3333333333333,325
71.0,343.3333333333333,355
70.02,541.6666666666666,455
73.3,441.6666666666667,355
69.0,523.3333333333334,435
81.0,455.0,465
62.0,611.6666666666666,325
67.0,511.6666666666667,355
72.16,501.6666666666667,475
74.2,646.6666666666666,415
85.2,601.6666666666666,535
77.0,428.3333333333333,415
73.8,491.6666666666667,155
64.2,628.3333333333334,505
79.0,478.3333333333333,255
61.0,431.6666666666667,345
61.65,525.0,395
75.0,505.0,455
54.75,448.3333333333333,535
73.0,495.0,425
73.0,553.3333333333334,395
83.7,445.0,405
74.86,543.3333333333334,455
85.8,381.6666666666667,425
87.0,418.3333333333333,575
67.1,511.6666666666667,435
75.0,563.3333333333334,525
71.8,631.6666666666666,635
78.24,505.0,505
71.9,536.6666666666666,325
70.35,613.3333333333334,615
79.29,480.0,595
72.0,430.0,455
66.39,545.0,585
55.0,358.0,305
69.0,373.3333333333333,435
75.0,490.0,335
73.46,471.6666666666667,445
70.0,481.6666666666667,365
70.42,393.3333333333333,445
67.95,538.0,495
54.68,431.6666666666667,485
84.0,470.0,425
70.52,465.0,415
75.0,588.3333333333334,475
75.04,571.6666666666666,515
70.08,441.6666666666667,325
80.3,661.6666666666666,355
64.25,588.3333333333334,555
78.6,586.6666666666666,525
76.11,545.0,465
62.0,441.6666666666667,275
68.62,550.0,535
69.94,501.6666666666667,265
75.64,695.0,415
70.0,578.3333333333334,625
64.0,475.0,525
86.7,411.6666666666667,475
66.2,583.3333333333334,395
71.32,530.0,535
80.67,511.3333333333333,485
68.57,580.0,365
69.2,475.0,335
76.4,630.0,635
73.4,431.6666666666667,285
74.0,538.3333333333334,475
67.0,656.6666666666666,575
78.0,591.3333333333334,615
72.0,501.6666666666667,645
62.13,681.6666666666666,565
78.5,471.6666666666667,345
70.0,541.6666666666666,445
86.76,578.3333333333334,535
72.6,603.3333333333334,485
68.75,361.6666666666667,435
74.3,311.6666666666667,225
84.8,641.6666666666666,395
88.0,388.3333333333333,515
67.0,425.0,385
72.0,448.3333333333333,485
74.5,571.6666666666666,455
76.67,513.3333333333334,635
70.0,343.3333333333333,495
72.0,548.3333333333334,425
65.0,466.6666666666667,135
64.0,405.0,375
75.0,596.6666666666666,435
61.2,511.6666666666667,375
68.8,536.6666666666666,335
73.5,461.6666666666667,475
67.7,550.0,485
72.58,566.6666666666666,405
65.0,565.0,495
68.9,455.0,535
72.0,388.3333333333333,355
72.0,523.3333333333334,425
63.79,441.6666666666667,375
72.6,518.3333333333334,325
73.5,445.0,325
70.0,513.3333333333334,515
83.54,565.0,525
69.98,534.6666666666666,465
79.95,596.6666666666666,415
72.7,481.6666666666667,425
66.0,480.0,505
55.0,290.0,305
67.1,451.6666666666667,555
58.13,593.3333333333334,315
66.23,478.3333333333333,455
74.7,543.3333333333334,515
69.2,305.0,375
74.0,505.0,375
80.9,596.6666666666666,615
71.16,606.6666666666666,315
74.62,713.3333333333334,495
60.0,455.0,305
71.0,401.6666666666667,435
73.0,451.6666666666667,445
75.22,585.0,255
70.86,448.3333333333333,465
65.2,581.6666666666666,535
71.02,493.3333333333333,405
72.0,485.0,475
76.2,421.6666666666667,375
81.0,568.3333333333334,755
72.63,461.6666666666667,345
61.0,551.6666666666666,445
72.1,551.6666666666666,325
79.6,501.6666666666667,545
61.0,405.0,385
78.0,461.6666666666667,305
65.0,395.0,425
72.0,391.6666666666667,395
80.03,411.6666666666667,415
61.18,401.6666666666667,445
66.26,521.6666666666666,575
72.0,681.6666666666666,565
73.3,598.3333333333334,605
81.2,571.6666666666666,505
70.0,380.0,195
63.23,578.3333333333334,475
75.65,471.6666666666667,375
65.0,501.6666666666667,395
67.0,498.0,455
80.07,535.0,475
74.88,541.6666666666666,395
74.0,415.0,435
69.0,495.0,445
57.92,321.6666666666667,405
70.84,541.6666666666666,495
75.0,515.0,395
69.11,474.6666666666667,405
79.22,593.3333333333334,555
70.44,468.3333333333333,445
67.08,438.3333333333333,365
77.8,608.3333333333334,595
61.48,448.3333333333333,425
70.0,348.3333333333333,415
74.28,443.3333333333333,505
70.0,540.0,345
75.0,310.0,425
75.2,530.0,375
71.02,555.0,475
67.0,481.3333333333333,485
62.24,583.3333333333334,465
72.52,460.0,425
64.45,388.3333333333333,385
67.2,561.6666666666666,375
62.67,523.3333333333334,225
72.0,405.0,365
69.0,568.3333333333334,295
66.08,481.6666666666667,445
68.0,443.3333333333333,345
70.0,468.3333333333333,375
70.0,505.0,515
84.0,631.6666666666666,485
70.0,375.0,435
72.5,370.0,515
81.1,455.0,285
62.0,488.3333333333333,305
82.0,545.0,405
68.0,581.6666666666666,395
73.66,521.6666666666666,575
72.29,605.0,605
70.0,638.3333333333334,535
90.24,651.6666666666666,615
80.0,528.3333333333334,425
69.12,415.0,425
90.0,520.0,365
72.46,468.3333333333333,425
64.0,471.6666666666667,575
60.0,385.0,395
79.39,416.6666666666667,465
69.3,486.6666666666667,485
64.4,518.3333333333334,505
61.0,581.6666666666666,395
71.4,628.3333333333334,505
69.1,595.0,465
80.0,408.3333333333333,355
77.0,441.6666666666667,615
74.86,616.6666666666666,615
73.5,521.6666666666666,475
72.31,411.6666666666667,385
62.56,605.0,715
60.34,458.3333333333333,375
76.3,528.3333333333334,415
75.0,648.3333333333334,585
74.3,443.3333333333333,445
72.2,421.6666666666667,355
79.7,521.3333333333334,435
65.26,581.6666666666666,455
63.0,551.6666666666666,505
82.35,596.6666666666666,415
65.0,473.3333333333333,465
84.77,496.6666666666667,525
73.0,451.6666666666667,515
64.14,575.0,525
77.24,425.0,355
73.86,608.3333333333334,445
52.0,485.0,495
71.2,571.6666666666666,445
74.69,498.3333333333333,475
75.3,476.6666666666667,415
68.05,580.0,565
74.0,520.0,445
66.7,331.6666666666667,195
78.39,567.6666666666666,625
79.16,381.6666666666667,305
79.56,535.0,585
71.0,511.6666666666667,545
84.0,493.3333333333333,525
77.72,603.3333333333334,515
64.0,415.0,425
68.9,626.6666666666666,575
66.0,385.0,355
63.0,555.0,495
77.35,388.3333333333333,335
75.0,501.6666666666667,575
63.9,498.3333333333333,435
80.8,668.3333333333334,575
69.85,276.6666666666667,155
76.4,535.0,535
67.72,485.0,335
60.0,443.3333333333333,335
74.2,526.6666666666666,385
73.14,490.0,395
79.0,485.0,455
61.0,395.0,385
72.0,353.3333333333333,455
53.01,515.0,385
62.0,536.6666666666666,365
72.0,448.3333333333333,395
77.0,615.0,425
76.0,491.3333333333333,475
79.9,470.0,165
63.1,395.0,445
71.0,463.3333333333333,465
62.71,475.0,305
88.2,438.0,415
70.02,516.6666666666666,395
61.0,391.6666666666667,515
75.2,580.0,425
71.0,513.3333333333334,405
67.0,546.6666666666666,545
66.0,546.6666666666666,525
67.0,576.6666666666666,395
75.8,415.0,525
66.4,473.3333333333333,395
76.99,565.0,655
68.4,443.3333333333333,285
71.88,431.6666666666667,415
82.9,586.6666666666666,405
79.8,635.0,545
69.32,485.0,475
64.5,471.6666666666667,405
75.4,601.6666666666666,405
77.9,641.6666666666666,495
84.0,573.3333333333334,435
67.13,491.6666666666667,405
64.4,446.6666666666667,345
76.0,601.6666666666666,445
89.0,460.0,355
59.0,435.0,325
78.0,520.0,425
87.8,500.0,545
82.2,476.6666666666667,455
65.0,525.0,425
70.3,445.0,535
72.04,465.0,475
75.34,508.3333333333333,635
80.0,525.0,585
60.01,361.6666666666667,375
70.37,486.6666666666667,455
94.6,718.3333333333334,445
76.0,528.3333333333334,425
72.18,526.6666666666666,395
86.0,621.6666666666666,655
83.0,506.6666666666667,555
75.6,393.3333333333333,485
80.0,465.0,325
76.61,433.3333333333333,425
72.0,490.0,515
70.0,501.6666666666667,435
86.4,585.0,495
66.0,495.0,395
71.9,554.6666666666666,385
66.0,435.0,455
65.0,405.0,535
78.7,656.6666666666666,305
73.0,438.3333333333333,535
76.8,661.6666666666666,675
65.0,445.0,415
66.15,385.0,535
58.0,525.0,425
66.0,458.3333333333333,465
71.92,625.0,515
67.5,570.0,465
81.0,601.6666666666666,525
67.68,276.6666666666667,425
65.0,463.3333333333333,315
90.32,665.0,385
79.0,615.0,625
67.22,648.3333333333334,595
74.44,495.0,455
79.0,438.3333333333333,295
63.0,515.0,305
75.67,475.0,345
80.26,666.6666666666666,545
74.8,508.3333333333333,495
77.5,591.6666666666666,515
70.51,390.0,445
74.0,471.6666666666667,455
68.5,511.6666666666667,525
85.0,495.0,555
70.0,478.3333333333333,245
75.2,441.6666666666667,315
73.19,431.6666666666667,435
74.81,538.3333333333334,545
69.3,348.3333333333333,315
